s,C,C
Time,"Back","Front"
 0.0000000E+000, 2.0000000E+001, 2.0000000E+001
 6.3000000E+002, 2.0000000E+001, 7.4835336E+001
 1.2600000E+003, 2.0000000E+001, 9.8114054E+001
 1.8900000E+003, 2.0000000E+001, 1.0695614E+002
 2.5200000E+003, 2.0000000E+001, 1.1227844E+002
 3.1500000E+003, 2.0000000E+001, 1.1596964E+002
 3.7800000E+003, 2.0000000E+001, 1.1873404E+002
 4.4100000E+003, 2.0000000E+001, 1.2090866E+002
 5.0400000E+003, 2.0000002E+001, 1.2267927E+002
 5.6700000E+003, 2.0000014E+001, 1.2415830E+002
 6.3000000E+003, 2.0000067E+001, 1.2541845E+002
 6.9300000E+003, 2.0000237E+001, 1.2650923E+002
 7.5600000E+003, 2.0000685E+001, 1.2746568E+002
 8.1900000E+003, 2.0001680E+001, 1.2831342E+002
 8.8200000E+003, 2.0003630E+001, 1.2907168E+002
 9.4500000E+003, 2.0007084E+001, 1.2975524E+002
 1.0080000E+004, 2.0012724E+001, 1.3037565E+002
 1.0710000E+004, 2.0021350E+001, 1.3094210E+002
 1.1340000E+004, 2.0033845E+001, 1.3146201E+002
 1.1970000E+004, 2.0051149E+001, 1.3194144E+002
 1.2600000E+004, 2.0074222E+001, 1.3238540E+002
 1.3230000E+004, 2.0104015E+001, 1.3279807E+002
 1.3860000E+004, 2.0141446E+001, 1.3318296E+002
 1.4490000E+004, 2.0187377E+001, 1.3354306E+002
 1.5120000E+004, 2.0242600E+001, 1.3388094E+002
 1.5750000E+004, 2.0307825E+001, 1.3419878E+002
 1.6380000E+004, 2.0383673E+001, 1.3449850E+002
 1.7010000E+004, 2.0470676E+001, 1.3478177E+002
 1.7640000E+004, 2.0569271E+001, 1.3505002E+002
 1.8270000E+004, 2.0679808E+001, 1.3530456E+002
 1.8900000E+004, 2.0802549E+001, 1.3554650E+002
 1.9530000E+004, 2.0937679E+001, 1.3577686E+002
 2.0160000E+004, 2.1085304E+001, 1.3599653E+002
 2.0790000E+004, 2.1245466E+001, 1.3620632E+002
 2.1420000E+004, 2.1418141E+001, 1.3640694E+002
 2.2050000E+004, 2.1603252E+001, 1.3659905E+002
 2.2680000E+004, 2.1800673E+001, 1.3678323E+002
 2.3310000E+004, 2.2010233E+001, 1.3696002E+002
 2.3940000E+004, 2.2231726E+001, 1.3712989E+002
 2.4570000E+004, 2.2464914E+001, 1.3729329E+002
 2.5200000E+004, 2.2709529E+001, 1.3745062E+002
 2.5830000E+004, 2.2965285E+001, 1.3760225E+002
 2.6460000E+004, 2.3231875E+001, 1.3774852E+002
 2.7090000E+004, 2.3508977E+001, 1.3788973E+002
 2.7720000E+004, 2.3796260E+001, 1.3802618E+002
 2.8350000E+004, 2.4093382E+001, 1.3815812E+002
 2.8980000E+004, 2.4399996E+001, 1.3828581E+002
 2.9610000E+004, 2.4715754E+001, 1.3840947E+002
 3.0240000E+004, 2.5040303E+001, 1.3852931E+002
 3.0870000E+004, 2.5373294E+001, 1.3864553E+002
 3.1500000E+004, 2.5714376E+001, 1.3875831E+002
 3.2130000E+004, 2.6063204E+001, 1.3886782E+002
 3.2760000E+004, 2.6419437E+001, 1.3897423E+002
 3.3390000E+004, 2.6782738E+001, 1.3907767E+002
 3.4020000E+004, 2.7152777E+001, 1.3917829E+002
 3.4650000E+004, 2.7529231E+001, 1.3927623E+002
 3.5280000E+004, 2.7911784E+001, 1.3937160E+002
 3.5910000E+004, 2.8300126E+001, 1.3946451E+002
 3.6540000E+004, 2.8693958E+001, 1.3955509E+002
 3.7170000E+004, 2.9092986E+001, 1.3964344E+002
 3.7800000E+004, 2.9496927E+001, 1.3972964E+002
 3.8430000E+004, 2.9905506E+001, 1.3981380E+002
 3.9060000E+004, 3.0318455E+001, 1.3989599E+002
 3.9690000E+004, 3.0735516E+001, 1.3997631E+002
 4.0320000E+004, 3.1156439E+001, 1.4005482E+002
 4.0950000E+004, 3.1580984E+001, 1.4013161E+002
 4.1580000E+004, 3.2008916E+001, 1.4020675E+002
 4.2210000E+004, 3.2440011E+001, 1.4028029E+002
 4.2840000E+004, 3.2874054E+001, 1.4035231E+002
 4.3470000E+004, 3.3310834E+001, 1.4042286E+002
 4.4100000E+004, 3.3750152E+001, 1.4049201E+002
 4.4730000E+004, 3.4191814E+001, 1.4055979E+002
 4.5360000E+004, 3.4635635E+001, 1.4062628E+002
 4.5990000E+004, 3.5081435E+001, 1.4069151E+002
 4.6620000E+004, 3.5529044E+001, 1.4075554E+002
 4.7250000E+004, 3.5978297E+001, 1.4081840E+002
 4.7880000E+004, 3.6429036E+001, 1.4088015E+002
 4.8510000E+004, 3.6881109E+001, 1.4094082E+002
 4.9140000E+004, 3.7334371E+001, 1.4100045E+002
 4.9770000E+004, 3.7788683E+001, 1.4105909E+002
 5.0400000E+004, 3.8243911E+001, 1.4111675E+002
 5.1030000E+004, 3.8699927E+001, 1.4117349E+002
 5.1660000E+004, 3.9156609E+001, 1.4122933E+002
 5.2290000E+004, 3.9613839E+001, 1.4128430E+002
 5.2920000E+004, 4.0071505E+001, 1.4133843E+002
 5.3550000E+004, 4.0529500E+001, 1.4139175E+002
 5.4180000E+004, 4.0987721E+001, 1.4144430E+002
 5.4810000E+004, 4.1446071E+001, 1.4149608E+002
 5.5440000E+004, 4.1904454E+001, 1.4154714E+002
 5.6070000E+004, 4.2362782E+001, 1.4159749E+002
 5.6700000E+004, 4.2820968E+001, 1.4164716E+002
 5.7330000E+004, 4.3278932E+001, 1.4169617E+002
 5.7960000E+004, 4.3736595E+001, 1.4174454E+002
 5.8590000E+004, 4.4193882E+001, 1.4179228E+002
 5.9220000E+004, 4.4650722E+001, 1.4183943E+002
 5.9850000E+004, 4.5107048E+001, 1.4188600E+002
 6.0480000E+004, 4.5562795E+001, 1.4193200E+002
 6.1110000E+004, 4.6017902E+001, 1.4197745E+002
 6.1740000E+004, 4.6472308E+001, 1.4202238E+002
 6.2370000E+004, 4.6925960E+001, 1.4206679E+002
 6.3000000E+004, 4.7378803E+001, 1.4211070E+002
 6.3630000E+004, 4.7830787E+001, 1.4215413E+002
 6.4260000E+004, 4.8281863E+001, 1.4219708E+002
 6.4890000E+004, 4.8731986E+001, 1.4223958E+002
 6.5520000E+004, 4.9181112E+001, 1.4228163E+002
 6.6150000E+004, 4.9629201E+001, 1.4232325E+002
 6.6780000E+004, 5.0076212E+001, 1.4236445E+002
 6.7410000E+004, 5.0522108E+001, 1.4240525E+002
 6.8040000E+004, 5.0966854E+001, 1.4244564E+002
 6.8670000E+004, 5.1410416E+001, 1.4248564E+002
 6.9300000E+004, 5.1852763E+001, 1.4252527E+002
 6.9930000E+004, 5.2293865E+001, 1.4256453E+002
 7.0560000E+004, 5.2733692E+001, 1.4260343E+002
 7.1190000E+004, 5.3172219E+001, 1.4264198E+002
 7.1820000E+004, 5.3609419E+001, 1.4268019E+002
 7.2450000E+004, 5.4045269E+001, 1.4271806E+002
 7.3080000E+004, 5.4479746E+001, 1.4275562E+002
 7.3710000E+004, 5.4912829E+001, 1.4279285E+002
 7.4340000E+004, 5.5344497E+001, 1.4282977E+002
 7.4970000E+004, 5.5774732E+001, 1.4286639E+002
 7.5600000E+004, 5.6203515E+001, 1.4290272E+002
 7.6230000E+004, 5.6630831E+001, 1.4293876E+002
 7.6860000E+004, 5.7056663E+001, 1.4297451E+002
 7.7490000E+004, 5.7480998E+001, 1.4300998E+002
 7.8120000E+004, 5.7903821E+001, 1.4304519E+002
 7.8750000E+004, 5.8325119E+001, 1.4308013E+002
 7.9380000E+004, 5.8744881E+001, 1.4311480E+002
 8.0010000E+004, 5.9163096E+001, 1.4314923E+002
 8.0640000E+004, 5.9579753E+001, 1.4318340E+002
 8.1270000E+004, 5.9994843E+001, 1.4321733E+002
 8.1900000E+004, 6.0408358E+001, 1.4325101E+002
 8.2530000E+004, 6.0820289E+001, 1.4328447E+002
 8.3160000E+004, 6.1230629E+001, 1.4331769E+002
 8.3790000E+004, 6.1639372E+001, 1.4335068E+002
 8.4420000E+004, 6.2046510E+001, 1.4338345E+002
 8.5050000E+004, 6.2452040E+001, 1.4341600E+002
 8.5680000E+004, 6.2855956E+001, 1.4344833E+002
 8.6310000E+004, 6.3258253E+001, 1.4348045E+002
 8.6940000E+004, 6.3658928E+001, 1.4351237E+002
 8.7570000E+004, 6.4057978E+001, 1.4354407E+002
 8.8200000E+004, 6.4455399E+001, 1.4357558E+002
 8.8830000E+004, 6.4851189E+001, 1.4360689E+002
 8.9460000E+004, 6.5245346E+001, 1.4363800E+002
 9.0090000E+004, 6.5637869E+001, 1.4366892E+002
 9.0720000E+004, 6.6028756E+001, 1.4369965E+002
 9.1350000E+004, 6.6418006E+001, 1.4373019E+002
 9.1980000E+004, 6.6805619E+001, 1.4376054E+002
 9.2610000E+004, 6.7191596E+001, 1.4379072E+002
 9.3240000E+004, 6.7575935E+001, 1.4382072E+002
 9.3870000E+004, 6.7958637E+001, 1.4385053E+002
 9.4500000E+004, 6.8339704E+001, 1.4388018E+002
 9.5130000E+004, 6.8719137E+001, 1.4390965E+002
 9.5760000E+004, 6.9096936E+001, 1.4393895E+002
 9.6390000E+004, 6.9473103E+001, 1.4396808E+002
 9.7020000E+004, 6.9847641E+001, 1.4399705E+002
 9.7650000E+004, 7.0220551E+001, 1.4402585E+002
 9.8280000E+004, 7.0591835E+001, 1.4405450E+002
 9.8910000E+004, 7.0961496E+001, 1.4408298E+002
 9.9540000E+004, 7.1329538E+001, 1.4411130E+002
 1.0017000E+005, 7.1695961E+001, 1.4413946E+002
 1.0080000E+005, 7.2060771E+001, 1.4416748E+002
 1.0143000E+005, 7.2423970E+001, 1.4419533E+002
 1.0206000E+005, 7.2785560E+001, 1.4422304E+002
 1.0269000E+005, 7.3145547E+001, 1.4425059E+002
 1.0332000E+005, 7.3503934E+001, 1.4427800E+002
 1.0395000E+005, 7.3860724E+001, 1.4430526E+002
 1.0458000E+005, 7.4215922E+001, 1.4433238E+002
 1.0521000E+005, 7.4569531E+001, 1.4435935E+002
 1.0584000E+005, 7.4921556E+001, 1.4438618E+002
 1.0647000E+005, 7.5272002E+001, 1.4441286E+002
 1.0710000E+005, 7.5620872E+001, 1.4443941E+002
 1.0773000E+005, 7.5968172E+001, 1.4446582E+002
 1.0836000E+005, 7.6313905E+001, 1.4449209E+002
 1.0899000E+005, 7.6658077E+001, 1.4451822E+002
 1.0962000E+005, 7.7000693E+001, 1.4454422E+002
 1.1025000E+005, 7.7341757E+001, 1.4457009E+002
 1.1088000E+005, 7.7681274E+001, 1.4459582E+002
 1.1151000E+005, 7.8019250E+001, 1.4462142E+002
 1.1214000E+005, 7.8355689E+001, 1.4464689E+002
 1.1277000E+005, 7.8690597E+001, 1.4467223E+002
 1.1340000E+005, 7.9023980E+001, 1.4469744E+002
 1.1403000E+005, 7.9355841E+001, 1.4472252E+002
 1.1466000E+005, 7.9686188E+001, 1.4474748E+002
 1.1529000E+005, 8.0015024E+001, 1.4477231E+002
 1.1592000E+005, 8.0342356E+001, 1.4479702E+002
 1.1655000E+005, 8.0668189E+001, 1.4482160E+002
 1.1718000E+005, 8.0992529E+001, 1.4484606E+002
 1.1781000E+005, 8.1315380E+001, 1.4487040E+002
 1.1844000E+005, 8.1636750E+001, 1.4489461E+002
 1.1907000E+005, 8.1956643E+001, 1.4491871E+002
 1.1970000E+005, 8.2275065E+001, 1.4494269E+002
 1.2033000E+005, 8.2592021E+001, 1.4496655E+002
 1.2096000E+005, 8.2907518E+001, 1.4499029E+002
 1.2159000E+005, 8.3221561E+001, 1.4501391E+002
 1.2222000E+005, 8.3534157E+001, 1.4503742E+002
 1.2285000E+005, 8.3845309E+001, 1.4506081E+002
 1.2348000E+005, 8.4155026E+001, 1.4508409E+002
 1.2411000E+005, 8.4463311E+001, 1.4510725E+002
 1.2474000E+005, 8.4770172E+001, 1.4513030E+002
 1.2537000E+005, 8.5075613E+001, 1.4515324E+002
 1.2600000E+005, 8.5379642E+001, 1.4517607E+002
 1.2663000E+005, 8.5682262E+001, 1.4519878E+002
 1.2726000E+005, 8.5983482E+001, 1.4522139E+002
 1.2789000E+005, 8.6283305E+001, 1.4524388E+002
 1.2852000E+005, 8.6581739E+001, 1.4526627E+002
 1.2915000E+005, 8.6878788E+001, 1.4528855E+002
 1.2978000E+005, 8.7174459E+001, 1.4531072E+002
 1.3041000E+005, 8.7468758E+001, 1.4533278E+002
 1.3104000E+005, 8.7761691E+001, 1.4535474E+002
 1.3167000E+005, 8.8053262E+001, 1.4537659E+002
 1.3230000E+005, 8.8343479E+001, 1.4539833E+002
 1.3293000E+005, 8.8632347E+001, 1.4541997E+002
 1.3356000E+005, 8.8919872E+001, 1.4544151E+002
 1.3419000E+005, 8.9206059E+001, 1.4546294E+002
 1.3482000E+005, 8.9490915E+001, 1.4548427E+002
 1.3545000E+005, 8.9774445E+001, 1.4550550E+002
 1.3608000E+005, 9.0056655E+001, 1.4552663E+002
 1.3671000E+005, 9.0337551E+001, 1.4554765E+002
 1.3734000E+005, 9.0617139E+001, 1.4556858E+002
 1.3797000E+005, 9.0895423E+001, 1.4558940E+002
 1.3860000E+005, 9.1172412E+001, 1.4561013E+002
 1.3923000E+005, 9.1448109E+001, 1.4563076E+002
 1.3986000E+005, 9.1722520E+001, 1.4565128E+002
 1.4049000E+005, 9.1995652E+001, 1.4567171E+002
 1.4112000E+005, 9.2267510E+001, 1.4569205E+002
 1.4175000E+005, 9.2538100E+001, 1.4571228E+002
 1.4238000E+005, 9.2807427E+001, 1.4573242E+002
 1.4301000E+005, 9.3075497E+001, 1.4575247E+002
 1.4364000E+005, 9.3342316E+001, 1.4577242E+002
 1.4427000E+005, 9.3607889E+001, 1.4579227E+002
 1.4490000E+005, 9.3872223E+001, 1.4581203E+002
 1.4553000E+005, 9.4135321E+001, 1.4583170E+002
 1.4616000E+005, 9.4397191E+001, 1.4585127E+002
 1.4679000E+005, 9.4657837E+001, 1.4587075E+002
 1.4742000E+005, 9.4917266E+001, 1.4589014E+002
 1.4805000E+005, 9.5175482E+001, 1.4590943E+002
 1.4868000E+005, 9.5432492E+001, 1.4592864E+002
 1.4931000E+005, 9.5688300E+001, 1.4594775E+002
 1.4994000E+005, 9.5942913E+001, 1.4596677E+002
 1.5057000E+005, 9.6196335E+001, 1.4598570E+002
 1.5120000E+005, 9.6448572E+001, 1.4600455E+002
 1.5183000E+005, 9.6699629E+001, 1.4602330E+002
 1.5246000E+005, 9.6949513E+001, 1.4604197E+002
 1.5309000E+005, 9.7198228E+001, 1.4606054E+002
 1.5372000E+005, 9.7445779E+001, 1.4607903E+002
 1.5435000E+005, 9.7692172E+001, 1.4609744E+002
 1.5498000E+005, 9.7937413E+001, 1.4611575E+002
 1.5561000E+005, 9.8181506E+001, 1.4613398E+002
 1.5624000E+005, 9.8424456E+001, 1.4615212E+002
 1.5687000E+005, 9.8666270E+001, 1.4617018E+002
 1.5750000E+005, 9.8906952E+001, 1.4618815E+002
 1.5813000E+005, 9.9146508E+001, 1.4620604E+002
 1.5876000E+005, 9.9384942E+001, 1.4622384E+002
 1.5939000E+005, 9.9622261E+001, 1.4624156E+002
 1.6002000E+005, 9.9858468E+001, 1.4625920E+002
 1.6065000E+005, 1.0009357E+002, 1.4627675E+002
 1.6128000E+005, 1.0032757E+002, 1.4629422E+002
 1.6191000E+005, 1.0056047E+002, 1.4631161E+002
 1.6254000E+005, 1.0079229E+002, 1.4632891E+002
 1.6317000E+005, 1.0102302E+002, 1.4634614E+002
 1.6380000E+005, 1.0125267E+002, 1.4636328E+002
 1.6443000E+005, 1.0148124E+002, 1.4638034E+002
 1.6506000E+005, 1.0170874E+002, 1.4639732E+002
 1.6569000E+005, 1.0193518E+002, 1.4641422E+002
 1.6632000E+005, 1.0216055E+002, 1.4643105E+002
 1.6695000E+005, 1.0238487E+002, 1.4644779E+002
 1.6758000E+005, 1.0260814E+002, 1.4646445E+002
 1.6821000E+005, 1.0283037E+002, 1.4648104E+002
 1.6884000E+005, 1.0305155E+002, 1.4649755E+002
 1.6947000E+005, 1.0327170E+002, 1.4651398E+002
 1.7010000E+005, 1.0349081E+002, 1.4653033E+002
 1.7073000E+005, 1.0370890E+002, 1.4654661E+002
 1.7136000E+005, 1.0392597E+002, 1.4656281E+002
 1.7199000E+005, 1.0414201E+002, 1.4657893E+002
 1.7262000E+005, 1.0435705E+002, 1.4659498E+002
 1.7325000E+005, 1.0457108E+002, 1.4661095E+002
 1.7388000E+005, 1.0478411E+002, 1.4662685E+002
 1.7451000E+005, 1.0499614E+002, 1.4664267E+002
 1.7514000E+005, 1.0520717E+002, 1.4665842E+002
 1.7577000E+005, 1.0541722E+002, 1.4667409E+002
 1.7640000E+005, 1.0562628E+002, 1.4668969E+002
 1.7703000E+005, 1.0583436E+002, 1.4670522E+002
 1.7766000E+005, 1.0604146E+002, 1.4672068E+002
 1.7829000E+005, 1.0624760E+002, 1.4673606E+002
 1.7892000E+005, 1.0645277E+002, 1.4675137E+002
 1.7955000E+005, 1.0665698E+002, 1.4676660E+002
 1.8018000E+005, 1.0686023E+002, 1.4678177E+002
 1.8081000E+005, 1.0706252E+002, 1.4679686E+002
 1.8144000E+005, 1.0726387E+002, 1.4681189E+002
 1.8207000E+005, 1.0746428E+002, 1.4682684E+002
 1.8270000E+005, 1.0766375E+002, 1.4684172E+002
 1.8333000E+005, 1.0786228E+002, 1.4685654E+002
 1.8396000E+005, 1.0805988E+002, 1.4687128E+002
 1.8459000E+005, 1.0825655E+002, 1.4688596E+002
 1.8522000E+005, 1.0845230E+002, 1.4690056E+002
 1.8585000E+005, 1.0864714E+002, 1.4691510E+002
 1.8648000E+005, 1.0884106E+002, 1.4692957E+002
 1.8711000E+005, 1.0903407E+002, 1.4694397E+002
 1.8774000E+005, 1.0922618E+002, 1.4695830E+002
 1.8837000E+005, 1.0941739E+002, 1.4697257E+002
 1.8900000E+005, 1.0960770E+002, 1.4698676E+002
 1.8963000E+005, 1.0979711E+002, 1.4700090E+002
 1.9026000E+005, 1.0998564E+002, 1.4701496E+002
 1.9089000E+005, 1.1017329E+002, 1.4702896E+002
 1.9152000E+005, 1.1036006E+002, 1.4704290E+002
 1.9215000E+005, 1.1054595E+002, 1.4705677E+002
 1.9278000E+005, 1.1073097E+002, 1.4707057E+002
 1.9341000E+005, 1.1091512E+002, 1.4708431E+002
 1.9404000E+005, 1.1109841E+002, 1.4709798E+002
 1.9467000E+005, 1.1128084E+002, 1.4711159E+002
 1.9530000E+005, 1.1146241E+002, 1.4712514E+002
 1.9593000E+005, 1.1164313E+002, 1.4713862E+002
 1.9656000E+005, 1.1182301E+002, 1.4715204E+002
 1.9719000E+005, 1.1200204E+002, 1.4716540E+002
 1.9782000E+005, 1.1218023E+002, 1.4717869E+002
 1.9845000E+005, 1.1235759E+002, 1.4719192E+002
 1.9908000E+005, 1.1253411E+002, 1.4720509E+002
 1.9971000E+005, 1.1270981E+002, 1.4721820E+002
 2.0034000E+005, 1.1288468E+002, 1.4723125E+002
 2.0097000E+005, 1.1305874E+002, 1.4724423E+002
 2.0160000E+005, 1.1323197E+002, 1.4725716E+002
 2.0223000E+005, 1.1340440E+002, 1.4727002E+002
 2.0286000E+005, 1.1357602E+002, 1.4728282E+002
 2.0349000E+005, 1.1374683E+002, 1.4729557E+002
 2.0412000E+005, 1.1391684E+002, 1.4730825E+002
 2.0475000E+005, 1.1408605E+002, 1.4732087E+002
 2.0538000E+005, 1.1425447E+002, 1.4733344E+002
 2.0601000E+005, 1.1442210E+002, 1.4734594E+002
 2.0664000E+005, 1.1458895E+002, 1.4735839E+002
 2.0727000E+005, 1.1475501E+002, 1.4737078E+002
 2.0790000E+005, 1.1492029E+002, 1.4738311E+002
 2.0853000E+005, 1.1508480E+002, 1.4739538E+002
 2.0916000E+005, 1.1524854E+002, 1.4740760E+002
 2.0979000E+005, 1.1541151E+002, 1.4741975E+002
 2.1042000E+005, 1.1557371E+002, 1.4743186E+002
 2.1105000E+005, 1.1573516E+002, 1.4744390E+002
 2.1168000E+005, 1.1589585E+002, 1.4745589E+002
 2.1231000E+005, 1.1605578E+002, 1.4746782E+002
 2.1294000E+005, 1.1621496E+002, 1.4747969E+002
 2.1357000E+005, 1.1637340E+002, 1.4749151E+002
 2.1420000E+005, 1.1653110E+002, 1.4750328E+002
 2.1483000E+005, 1.1668805E+002, 1.4751499E+002
 2.1546000E+005, 1.1684427E+002, 1.4752664E+002
 2.1609000E+005, 1.1699976E+002, 1.4753824E+002
 2.1672000E+005, 1.1715451E+002, 1.4754978E+002
 2.1735000E+005, 1.1730855E+002, 1.4756127E+002
 2.1798000E+005, 1.1746186E+002, 1.4757271E+002
 2.1861000E+005, 1.1761445E+002, 1.4758409E+002
 2.1924000E+005, 1.1776632E+002, 1.4759542E+002
 2.1987000E+005, 1.1791748E+002, 1.4760670E+002
 2.2050000E+005, 1.1806794E+002, 1.4761793E+002
 2.2113000E+005, 1.1821769E+002, 1.4762910E+002
 2.2176000E+005, 1.1836673E+002, 1.4764022E+002
 2.2239000E+005, 1.1851508E+002, 1.4765128E+002
 2.2302000E+005, 1.1866273E+002, 1.4766230E+002
 2.2365000E+005, 1.1880969E+002, 1.4767326E+002
 2.2428000E+005, 1.1895596E+002, 1.4768417E+002
 2.2491000E+005, 1.1910154E+002, 1.4769503E+002
 2.2554000E+005, 1.1924644E+002, 1.4770584E+002
 2.2617000E+005, 1.1939067E+002, 1.4771660E+002
 2.2680000E+005, 1.1953421E+002, 1.4772731E+002
 2.2743000E+005, 1.1967708E+002, 1.4773797E+002
 2.2806000E+005, 1.1981929E+002, 1.4774857E+002
 2.2869000E+005, 1.1996082E+002, 1.4775913E+002
 2.2932000E+005, 1.2010169E+002, 1.4776964E+002
 2.2995000E+005, 1.2024190E+002, 1.4778010E+002
 2.3058000E+005, 1.2038146E+002, 1.4779051E+002
 2.3121000E+005, 1.2052036E+002, 1.4780087E+002
 2.3184000E+005, 1.2065860E+002, 1.4781119E+002
 2.3247000E+005, 1.2079620E+002, 1.4782145E+002
 2.3310000E+005, 1.2093316E+002, 1.4783167E+002
 2.3373000E+005, 1.2106947E+002, 1.4784184E+002
 2.3436000E+005, 1.2120514E+002, 1.4785196E+002
 2.3499000E+005, 1.2134018E+002, 1.4786203E+002
 2.3562000E+005, 1.2147458E+002, 1.4787206E+002
 2.3625000E+005, 1.2160835E+002, 1.4788204E+002
 2.3688000E+005, 1.2174150E+002, 1.4789197E+002
 2.3751000E+005, 1.2187402E+002, 1.4790186E+002
 2.3814000E+005, 1.2200592E+002, 1.4791170E+002
 2.3877000E+005, 1.2213720E+002, 1.4792149E+002
 2.3940000E+005, 1.2226787E+002, 1.4793124E+002
 2.4003000E+005, 1.2239792E+002, 1.4794094E+002
 2.4066000E+005, 1.2252736E+002, 1.4795059E+002
 2.4129000E+005, 1.2265620E+002, 1.4796020E+002
 2.4192000E+005, 1.2278443E+002, 1.4796977E+002
 2.4255000E+005, 1.2291206E+002, 1.4797929E+002
 2.4318000E+005, 1.2303909E+002, 1.4798877E+002
 2.4381000E+005, 1.2316553E+002, 1.4799820E+002
 2.4444000E+005, 1.2329137E+002, 1.4800759E+002
 2.4507000E+005, 1.2341662E+002, 1.4801693E+002
 2.4570000E+005, 1.2354129E+002, 1.4802623E+002
 2.4633000E+005, 1.2366537E+002, 1.4803549E+002
 2.4696000E+005, 1.2378887E+002, 1.4804470E+002
 2.4759000E+005, 1.2391179E+002, 1.4805387E+002
 2.4822000E+005, 1.2403413E+002, 1.4806300E+002
 2.4885000E+005, 1.2415590E+002, 1.4807208E+002
 2.4948000E+005, 1.2427710E+002, 1.4808112E+002
 2.5011000E+005, 1.2439773E+002, 1.4809012E+002
 2.5074000E+005, 1.2451780E+002, 1.4809908E+002
 2.5137000E+005, 1.2463730E+002, 1.4810799E+002
 2.5200000E+005, 1.2475624E+002, 1.4811686E+002
 2.5263000E+005, 1.2487462E+002, 1.4812570E+002
 2.5326000E+005, 1.2499245E+002, 1.4813449E+002
 2.5389000E+005, 1.2510973E+002, 1.4814323E+002
 2.5452000E+005, 1.2522645E+002, 1.4815194E+002
 2.5515000E+005, 1.2534263E+002, 1.4816061E+002
 2.5578000E+005, 1.2545826E+002, 1.4816923E+002
 2.5641000E+005, 1.2557336E+002, 1.4817782E+002
 2.5704000E+005, 1.2568791E+002, 1.4818637E+002
 2.5767000E+005, 1.2580192E+002, 1.4819487E+002
 2.5830000E+005, 1.2591540E+002, 1.4820334E+002
 2.5893000E+005, 1.2602835E+002, 1.4821176E+002
 2.5956000E+005, 1.2614077E+002, 1.4822015E+002
 2.6019000E+005, 1.2625266E+002, 1.4822849E+002
 2.6082000E+005, 1.2636402E+002, 1.4823680E+002
 2.6145000E+005, 1.2647487E+002, 1.4824507E+002
 2.6208000E+005, 1.2658519E+002, 1.4825330E+002
 2.6271000E+005, 1.2669500E+002, 1.4826149E+002
 2.6334000E+005, 1.2680429E+002, 1.4826965E+002
 2.6397000E+005, 1.2691307E+002, 1.4827776E+002
 2.6460000E+005, 1.2702133E+002, 1.4828584E+002
 2.6523000E+005, 1.2712910E+002, 1.4829388E+002
 2.6586000E+005, 1.2723635E+002, 1.4830188E+002
 2.6649000E+005, 1.2734310E+002, 1.4830984E+002
 2.6712000E+005, 1.2744936E+002, 1.4831777E+002
 2.6775000E+005, 1.2755511E+002, 1.4832566E+002
 2.6838000E+005, 1.2766037E+002, 1.4833351E+002
 2.6901000E+005, 1.2776513E+002, 1.4834132E+002
 2.6964000E+005, 1.2786940E+002, 1.4834910E+002
 2.7027000E+005, 1.2797319E+002, 1.4835684E+002
 2.7090000E+005, 1.2807649E+002, 1.4836455E+002
 2.7153000E+005, 1.2817930E+002, 1.4837222E+002
 2.7216000E+005, 1.2828163E+002, 1.4837985E+002
 2.7279000E+005, 1.2838348E+002, 1.4838745E+002
 2.7342000E+005, 1.2848485E+002, 1.4839501E+002
 2.7405000E+005, 1.2858575E+002, 1.4840254E+002
 2.7468000E+005, 1.2868617E+002, 1.4841003E+002
 2.7531000E+005, 1.2878613E+002, 1.4841749E+002
 2.7594000E+005, 1.2888561E+002, 1.4842491E+002
 2.7657000E+005, 1.2898463E+002, 1.4843229E+002
 2.7720000E+005, 1.2908319E+002, 1.4843965E+002
 2.7783000E+005, 1.2918128E+002, 1.4844696E+002
 2.7846000E+005, 1.2927891E+002, 1.4845425E+002
 2.7909000E+005, 1.2937608E+002, 1.4846150E+002
 2.7972000E+005, 1.2947280E+002, 1.4846871E+002
 2.8035000E+005, 1.2956907E+002, 1.4847589E+002
 2.8098000E+005, 1.2966488E+002, 1.4848304E+002
 2.8161000E+005, 1.2976024E+002, 1.4849015E+002
 2.8224000E+005, 1.2985516E+002, 1.4849723E+002
 2.8287000E+005, 1.2994963E+002, 1.4850428E+002
 2.8350000E+005, 1.3004366E+002, 1.4851130E+002
 2.8413000E+005, 1.3013725E+002, 1.4851828E+002
 2.8476000E+005, 1.3023040E+002, 1.4852523E+002
 2.8539000E+005, 1.3032311E+002, 1.4853214E+002
 2.8602000E+005, 1.3041538E+002, 1.4853903E+002
 2.8665000E+005, 1.3050723E+002, 1.4854588E+002
 2.8728000E+005, 1.3059864E+002, 1.4855270E+002
 2.8791000E+005, 1.3068963E+002, 1.4855948E+002
 2.8854000E+005, 1.3078018E+002, 1.4856624E+002
 2.8917000E+005, 1.3087032E+002, 1.4857296E+002
 2.8980000E+005, 1.3096003E+002, 1.4857966E+002
 2.9043000E+005, 1.3104932E+002, 1.4858632E+002
 2.9106000E+005, 1.3113819E+002, 1.4859295E+002
 2.9169000E+005, 1.3122664E+002, 1.4859954E+002
 2.9232000E+005, 1.3131468E+002, 1.4860611E+002
 2.9295000E+005, 1.3140231E+002, 1.4861265E+002
 2.9358000E+005, 1.3148953E+002, 1.4861916E+002
 2.9421000E+005, 1.3157633E+002, 1.4862563E+002
 2.9484000E+005, 1.3166273E+002, 1.4863208E+002
 2.9547000E+005, 1.3174873E+002, 1.4863849E+002
 2.9610000E+005, 1.3183432E+002, 1.4864488E+002
 2.9673000E+005, 1.3191951E+002, 1.4865123E+002
 2.9736000E+005, 1.3200430E+002, 1.4865756E+002
 2.9799000E+005, 1.3208869E+002, 1.4866385E+002
 2.9862000E+005, 1.3217269E+002, 1.4867012E+002
 2.9925000E+005, 1.3225629E+002, 1.4867635E+002
 2.9988000E+005, 1.3233950E+002, 1.4868256E+002
 3.0051000E+005, 1.3242233E+002, 1.4868874E+002
 3.0114000E+005, 1.3250476E+002, 1.4869489E+002
 3.0177000E+005, 1.3258680E+002, 1.4870101E+002
 3.0240000E+005, 1.3266847E+002, 1.4870710E+002
 3.0303000E+005, 1.3274974E+002, 1.4871316E+002
 3.0366000E+005, 1.3283064E+002, 1.4871920E+002
 3.0429000E+005, 1.3291116E+002, 1.4872521E+002
 3.0492000E+005, 1.3299130E+002, 1.4873118E+002
 3.0555000E+005, 1.3307106E+002, 1.4873713E+002
 3.0618000E+005, 1.3315045E+002, 1.4874306E+002
 3.0681000E+005, 1.3322947E+002, 1.4874895E+002
 3.0744000E+005, 1.3330812E+002, 1.4875482E+002
 3.0807000E+005, 1.3338640E+002, 1.4876066E+002
 3.0870000E+005, 1.3346431E+002, 1.4876647E+002
 3.0933000E+005, 1.3354185E+002, 1.4877225E+002
 3.0996000E+005, 1.3361904E+002, 1.4877801E+002
 3.1059000E+005, 1.3369586E+002, 1.4878374E+002
 3.1122000E+005, 1.3377232E+002, 1.4878945E+002
 3.1185000E+005, 1.3384842E+002, 1.4879512E+002
 3.1248000E+005, 1.3392416E+002, 1.4880077E+002
 3.1311000E+005, 1.3399955E+002, 1.4880640E+002
 3.1374000E+005, 1.3407459E+002, 1.4881200E+002
 3.1437000E+005, 1.3414927E+002, 1.4881757E+002
 3.1500000E+005, 1.3422361E+002, 1.4882311E+002
 3.1563000E+005, 1.3429759E+002, 1.4882863E+002
 3.1626000E+005, 1.3437123E+002, 1.4883412E+002
 3.1689000E+005, 1.3444452E+002, 1.4883959E+002
 3.1752000E+005, 1.3451747E+002, 1.4884503E+002
 3.1815000E+005, 1.3459008E+002, 1.4885045E+002
 3.1878000E+005, 1.3466234E+002, 1.4885584E+002
 3.1941000E+005, 1.3473427E+002, 1.4886121E+002
 3.2004000E+005, 1.3480586E+002, 1.4886655E+002
 3.2067000E+005, 1.3487712E+002, 1.4887186E+002
 3.2130000E+005, 1.3494804E+002, 1.4887715E+002
 3.2193000E+005, 1.3501863E+002, 1.4888242E+002
 3.2256000E+005, 1.3508888E+002, 1.4888766E+002
 3.2319000E+005, 1.3515881E+002, 1.4889288E+002
 3.2382000E+005, 1.3522841E+002, 1.4889807E+002
 3.2445000E+005, 1.3529768E+002, 1.4890324E+002
 3.2508000E+005, 1.3536663E+002, 1.4890838E+002
 3.2571000E+005, 1.3543526E+002, 1.4891350E+002
 3.2634000E+005, 1.3550356E+002, 1.4891859E+002
 3.2697000E+005, 1.3557154E+002, 1.4892367E+002
 3.2760000E+005, 1.3563920E+002, 1.4892871E+002
 3.2823000E+005, 1.3570655E+002, 1.4893374E+002
 3.2886000E+005, 1.3577358E+002, 1.4893874E+002
 3.2949000E+005, 1.3584030E+002, 1.4894371E+002
 3.3012000E+005, 1.3590670E+002, 1.4894867E+002
 3.3075000E+005, 1.3597279E+002, 1.4895360E+002
 3.3138000E+005, 1.3603858E+002, 1.4895851E+002
 3.3201000E+005, 1.3610405E+002, 1.4896339E+002
 3.3264000E+005, 1.3616922E+002, 1.4896825E+002
 3.3327000E+005, 1.3623408E+002, 1.4897309E+002
 3.3390000E+005, 1.3629863E+002, 1.4897791E+002
 3.3453000E+005, 1.3636289E+002, 1.4898270E+002
 3.3516000E+005, 1.3642684E+002, 1.4898747E+002
 3.3579000E+005, 1.3649049E+002, 1.4899222E+002
 3.3642000E+005, 1.3655385E+002, 1.4899694E+002
 3.3705000E+005, 1.3661691E+002, 1.4900165E+002
 3.3768000E+005, 1.3667967E+002, 1.4900633E+002
 3.3831000E+005, 1.3674213E+002, 1.4901099E+002
 3.3894000E+005, 1.3680431E+002, 1.4901563E+002
 3.3957000E+005, 1.3686619E+002, 1.4902024E+002
 3.4020000E+005, 1.3692778E+002, 1.4902484E+002
 3.4083000E+005, 1.3698909E+002, 1.4902941E+002
 3.4146000E+005, 1.3705010E+002, 1.4903396E+002
 3.4209000E+005, 1.3711083E+002, 1.4903849E+002
 3.4272000E+005, 1.3717128E+002, 1.4904300E+002
 3.4335000E+005, 1.3723144E+002, 1.4904749E+002
 3.4398000E+005, 1.3729132E+002, 1.4905196E+002
 3.4461000E+005, 1.3735092E+002, 1.4905640E+002
 3.4524000E+005, 1.3741024E+002, 1.4906083E+002
 3.4587000E+005, 1.3746928E+002, 1.4906523E+002
 3.4650000E+005, 1.3752804E+002, 1.4906962E+002
 3.4713000E+005, 1.3758653E+002, 1.4907398E+002
 3.4776000E+005, 1.3764475E+002, 1.4907832E+002
 3.4839000E+005, 1.3770269E+002, 1.4908264E+002
 3.4902000E+005, 1.3776036E+002, 1.4908695E+002
 3.4965000E+005, 1.3781776E+002, 1.4909123E+002
 3.5028000E+005, 1.3787489E+002, 1.4909549E+002
 3.5091000E+005, 1.3793175E+002, 1.4909973E+002
 3.5154000E+005, 1.3798834E+002, 1.4910395E+002
 3.5217000E+005, 1.3804467E+002, 1.4910816E+002
 3.5280000E+005, 1.3810074E+002, 1.4911234E+002
 3.5343000E+005, 1.3815654E+002, 1.4911650E+002
 3.5406000E+005, 1.3821208E+002, 1.4912064E+002
 3.5469000E+005, 1.3826736E+002, 1.4912477E+002
 3.5532000E+005, 1.3832239E+002, 1.4912887E+002
 3.5595000E+005, 1.3837715E+002, 1.4913296E+002
 3.5658000E+005, 1.3843166E+002, 1.4913702E+002
 3.5721000E+005, 1.3848591E+002, 1.4914107E+002
 3.5784000E+005, 1.3853990E+002, 1.4914510E+002
 3.5847000E+005, 1.3859365E+002, 1.4914911E+002
 3.5910000E+005, 1.3864714E+002, 1.4915310E+002
 3.5973000E+005, 1.3870038E+002, 1.4915707E+002
 3.6036000E+005, 1.3875337E+002, 1.4916102E+002
 3.6099000E+005, 1.3880611E+002, 1.4916496E+002
 3.6162000E+005, 1.3885861E+002, 1.4916887E+002
 3.6225000E+005, 1.3891086E+002, 1.4917277E+002
 3.6288000E+005, 1.3896286E+002, 1.4917665E+002
 3.6351000E+005, 1.3901462E+002, 1.4918051E+002
 3.6414000E+005, 1.3906614E+002, 1.4918436E+002
 3.6477000E+005, 1.3911741E+002, 1.4918818E+002
 3.6540000E+005, 1.3916845E+002, 1.4919199E+002
 3.6603000E+005, 1.3921924E+002, 1.4919578E+002
 3.6666000E+005, 1.3926980E+002, 1.4919955E+002
 3.6729000E+005, 1.3932012E+002, 1.4920330E+002
 3.6792000E+005, 1.3937021E+002, 1.4920704E+002
 3.6855000E+005, 1.3942006E+002, 1.4921076E+002
 3.6918000E+005, 1.3946967E+002, 1.4921446E+002
 3.6981000E+005, 1.3951905E+002, 1.4921814E+002
 3.7044000E+005, 1.3956821E+002, 1.4922181E+002
 3.7107000E+005, 1.3961713E+002, 1.4922546E+002
 3.7170000E+005, 1.3966582E+002, 1.4922909E+002
 3.7233000E+005, 1.3971428E+002, 1.4923271E+002
 3.7296000E+005, 1.3976252E+002, 1.4923630E+002
 3.7359000E+005, 1.3981053E+002, 1.4923989E+002
 3.7422000E+005, 1.3985831E+002, 1.4924345E+002
 3.7485000E+005, 1.3990587E+002, 1.4924700E+002
 3.7548000E+005, 1.3995321E+002, 1.4925053E+002
 3.7611000E+005, 1.4000033E+002, 1.4925404E+002
 3.7674000E+005, 1.4004722E+002, 1.4925754E+002
 3.7737000E+005, 1.4009390E+002, 1.4926102E+002
 3.7800000E+005, 1.4014035E+002, 1.4926449E+002
 3.7863000E+005, 1.4018659E+002, 1.4926794E+002
 3.7926000E+005, 1.4023261E+002, 1.4927137E+002
 3.7989000E+005, 1.4027842E+002, 1.4927479E+002
 3.8052000E+005, 1.4032401E+002, 1.4927819E+002
 3.8115000E+005, 1.4036938E+002, 1.4928157E+002
 3.8178000E+005, 1.4041455E+002, 1.4928494E+002
 3.8241000E+005, 1.4045950E+002, 1.4928830E+002
 3.8304000E+005, 1.4050424E+002, 1.4929164E+002
 3.8367000E+005, 1.4054877E+002, 1.4929496E+002
 3.8430000E+005, 1.4059309E+002, 1.4929826E+002
 3.8493000E+005, 1.4063721E+002, 1.4930155E+002
 3.8556000E+005, 1.4068112E+002, 1.4930483E+002
 3.8619000E+005, 1.4072482E+002, 1.4930809E+002
 3.8682000E+005, 1.4076832E+002, 1.4931133E+002
 3.8745000E+005, 1.4081161E+002, 1.4931456E+002
 3.8808000E+005, 1.4085470E+002, 1.4931778E+002
 3.8871000E+005, 1.4089759E+002, 1.4932098E+002
 3.8934000E+005, 1.4094027E+002, 1.4932416E+002
 3.8997000E+005, 1.4098276E+002, 1.4932733E+002
 3.9060000E+005, 1.4102505E+002, 1.4933049E+002
 3.9123000E+005, 1.4106714E+002, 1.4933363E+002
 3.9186000E+005, 1.4110903E+002, 1.4933675E+002
 3.9249000E+005, 1.4115072E+002, 1.4933986E+002
 3.9312000E+005, 1.4119222E+002, 1.4934296E+002
 3.9375000E+005, 1.4123353E+002, 1.4934604E+002
 3.9438000E+005, 1.4127464E+002, 1.4934911E+002
 3.9501000E+005, 1.4131556E+002, 1.4935216E+002
 3.9564000E+005, 1.4135628E+002, 1.4935520E+002
 3.9627000E+005, 1.4139682E+002, 1.4935822E+002
 3.9690000E+005, 1.4143717E+002, 1.4936123E+002
 3.9753000E+005, 1.4147732E+002, 1.4936423E+002
 3.9816000E+005, 1.4151729E+002, 1.4936721E+002
 3.9879000E+005, 1.4155707E+002, 1.4937017E+002
 3.9942000E+005, 1.4159666E+002, 1.4937313E+002
 4.0005000E+005, 1.4163607E+002, 1.4937607E+002
 4.0068000E+005, 1.4167530E+002, 1.4937899E+002
 4.0131000E+005, 1.4171434E+002, 1.4938191E+002
 4.0194000E+005, 1.4175319E+002, 1.4938480E+002
 4.0257000E+005, 1.4179187E+002, 1.4938769E+002
 4.0320000E+005, 1.4183036E+002, 1.4939056E+002
 4.0383000E+005, 1.4186867E+002, 1.4939342E+002
 4.0446000E+005, 1.4190681E+002, 1.4939626E+002
 4.0509000E+005, 1.4194476E+002, 1.4939909E+002
 4.0572000E+005, 1.4198254E+002, 1.4940191E+002
 4.0635000E+005, 1.4202013E+002, 1.4940472E+002
 4.0698000E+005, 1.4205756E+002, 1.4940751E+002
 4.0761000E+005, 1.4209480E+002, 1.4941029E+002
 4.0824000E+005, 1.4213188E+002, 1.4941305E+002
 4.0887000E+005, 1.4216877E+002, 1.4941581E+002
 4.0950000E+005, 1.4220550E+002, 1.4941855E+002
 4.1013000E+005, 1.4224205E+002, 1.4942127E+002
 4.1076000E+005, 1.4227843E+002, 1.4942399E+002
 4.1139000E+005, 1.4231465E+002, 1.4942669E+002
 4.1202000E+005, 1.4235069E+002, 1.4942938E+002
 4.1265000E+005, 1.4238656E+002, 1.4943205E+002
 4.1328000E+005, 1.4242226E+002, 1.4943472E+002
 4.1391000E+005, 1.4245780E+002, 1.4943737E+002
 4.1454000E+005, 1.4249317E+002, 1.4944001E+002
 4.1517000E+005, 1.4252837E+002, 1.4944263E+002
 4.1580000E+005, 1.4256341E+002, 1.4944525E+002
 4.1643000E+005, 1.4259829E+002, 1.4944785E+002
 4.1706000E+005, 1.4263300E+002, 1.4945044E+002
 4.1769000E+005, 1.4266755E+002, 1.4945301E+002
 4.1832000E+005, 1.4270193E+002, 1.4945558E+002
 4.1895000E+005, 1.4273616E+002, 1.4945813E+002
 4.1958000E+005, 1.4277022E+002, 1.4946067E+002
 4.2021000E+005, 1.4280413E+002, 1.4946320E+002
 4.2084000E+005, 1.4283787E+002, 1.4946572E+002
 4.2147000E+005, 1.4287146E+002, 1.4946823E+002
 4.2210000E+005, 1.4290489E+002, 1.4947072E+002
 4.2273000E+005, 1.4293817E+002, 1.4947320E+002
 4.2336000E+005, 1.4297128E+002, 1.4947567E+002
 4.2399000E+005, 1.4300424E+002, 1.4947813E+002
 4.2462000E+005, 1.4303705E+002, 1.4948058E+002
 4.2525000E+005, 1.4306971E+002, 1.4948301E+002
 4.2588000E+005, 1.4310221E+002, 1.4948544E+002
 4.2651000E+005, 1.4313455E+002, 1.4948785E+002
 4.2714000E+005, 1.4316675E+002, 1.4949025E+002
 4.2777000E+005, 1.4319880E+002, 1.4949264E+002
 4.2840000E+005, 1.4323069E+002, 1.4949502E+002
 4.2903000E+005, 1.4326244E+002, 1.4949739E+002
 4.2966000E+005, 1.4329403E+002, 1.4949975E+002
 4.3029000E+005, 1.4332548E+002, 1.4950209E+002
 4.3092000E+005, 1.4335678E+002, 1.4950443E+002
 4.3155000E+005, 1.4338794E+002, 1.4950675E+002
 4.3218000E+005, 1.4341894E+002, 1.4950907E+002
 4.3281000E+005, 1.4344981E+002, 1.4951137E+002
 4.3344000E+005, 1.4348052E+002, 1.4951366E+002
 4.3407000E+005, 1.4351110E+002, 1.4951594E+002
 4.3470000E+005, 1.4354153E+002, 1.4951821E+002
 4.3533000E+005, 1.4357182E+002, 1.4952047E+002
 4.3596000E+005, 1.4360196E+002, 1.4952272E+002
 4.3659000E+005, 1.4363197E+002, 1.4952496E+002
 4.3722000E+005, 1.4366183E+002, 1.4952719E+002
 4.3785000E+005, 1.4369155E+002, 1.4952940E+002
 4.3848000E+005, 1.4372114E+002, 1.4953161E+002
 4.3911000E+005, 1.4375058E+002, 1.4953381E+002
 4.3974000E+005, 1.4377989E+002, 1.4953599E+002
 4.4037000E+005, 1.4380906E+002, 1.4953817E+002
 4.4100000E+005, 1.4383809E+002, 1.4954033E+002
 4.4163000E+005, 1.4386699E+002, 1.4954249E+002
 4.4226000E+005, 1.4389575E+002, 1.4954464E+002
 4.4289000E+005, 1.4392438E+002, 1.4954677E+002
 4.4352000E+005, 1.4395287E+002, 1.4954890E+002
 4.4415000E+005, 1.4398123E+002, 1.4955101E+002
 4.4478000E+005, 1.4400946E+002, 1.4955312E+002
 4.4541000E+005, 1.4403755E+002, 1.4955521E+002
 4.4604000E+005, 1.4406551E+002, 1.4955730E+002
 4.4667000E+005, 1.4409334E+002, 1.4955937E+002
 4.4730000E+005, 1.4412104E+002, 1.4956144E+002
 4.4793000E+005, 1.4414861E+002, 1.4956350E+002
 4.4856000E+005, 1.4417605E+002, 1.4956554E+002
 4.4919000E+005, 1.4420336E+002, 1.4956758E+002
 4.4982000E+005, 1.4423055E+002, 1.4956961E+002
 4.5045000E+005, 1.4425760E+002, 1.4957163E+002
 4.5108000E+005, 1.4428453E+002, 1.4957364E+002
 4.5171000E+005, 1.4431134E+002, 1.4957564E+002
 4.5234000E+005, 1.4433801E+002, 1.4957763E+002
 4.5297000E+005, 1.4436457E+002, 1.4957961E+002
 4.5360000E+005, 1.4439099E+002, 1.4958158E+002
 4.5423000E+005, 1.4441730E+002, 1.4958354E+002
 4.5486000E+005, 1.4444348E+002, 1.4958549E+002
 4.5549000E+005, 1.4446954E+002, 1.4958744E+002
 4.5612000E+005, 1.4449547E+002, 1.4958937E+002
 4.5675000E+005, 1.4452129E+002, 1.4959130E+002
 4.5738000E+005, 1.4454698E+002, 1.4959322E+002
 4.5801000E+005, 1.4457255E+002, 1.4959512E+002
 4.5864000E+005, 1.4459801E+002, 1.4959702E+002
 4.5927000E+005, 1.4462334E+002, 1.4959891E+002
 4.5990000E+005, 1.4464855E+002, 1.4960079E+002
 4.6053000E+005, 1.4467365E+002, 1.4960266E+002
 4.6116000E+005, 1.4469863E+002, 1.4960453E+002
 4.6179000E+005, 1.4472349E+002, 1.4960638E+002
 4.6242000E+005, 1.4474823E+002, 1.4960823E+002
 4.6305000E+005, 1.4477286E+002, 1.4961007E+002
 4.6368000E+005, 1.4479738E+002, 1.4961189E+002
 4.6431000E+005, 1.4482177E+002, 1.4961371E+002
 4.6494000E+005, 1.4484606E+002, 1.4961553E+002
 4.6557000E+005, 1.4487023E+002, 1.4961733E+002
 4.6620000E+005, 1.4489428E+002, 1.4961912E+002
 4.6683000E+005, 1.4491823E+002, 1.4962091E+002
 4.6746000E+005, 1.4494206E+002, 1.4962269E+002
 4.6809000E+005, 1.4496578E+002, 1.4962446E+002
 4.6872000E+005, 1.4498939E+002, 1.4962622E+002
 4.6935000E+005, 1.4501289E+002, 1.4962797E+002
 4.6998000E+005, 1.4503627E+002, 1.4962972E+002
 4.7061000E+005, 1.4505955E+002, 1.4963145E+002
 4.7124000E+005, 1.4508272E+002, 1.4963318E+002
 4.7187000E+005, 1.4510578E+002, 1.4963490E+002
 4.7250000E+005, 1.4512873E+002, 1.4963661E+002
 4.7313000E+005, 1.4515158E+002, 1.4963832E+002
 4.7376000E+005, 1.4517431E+002, 1.4964001E+002
 4.7439000E+005, 1.4519695E+002, 1.4964170E+002
 4.7502000E+005, 1.4521947E+002, 1.4964338E+002
 4.7565000E+005, 1.4524189E+002, 1.4964505E+002
 4.7628000E+005, 1.4526420E+002, 1.4964672E+002
 4.7691000E+005, 1.4528641E+002, 1.4964838E+002
 4.7754000E+005, 1.4530852E+002, 1.4965002E+002
 4.7817000E+005, 1.4533052E+002, 1.4965167E+002
 4.7880000E+005, 1.4535242E+002, 1.4965330E+002
 4.7943000E+005, 1.4537421E+002, 1.4965493E+002
 4.8006000E+005, 1.4539590E+002, 1.4965654E+002
 4.8069000E+005, 1.4541750E+002, 1.4965815E+002
 4.8132000E+005, 1.4543899E+002, 1.4965976E+002
 4.8195000E+005, 1.4546037E+002, 1.4966135E+002
 4.8258000E+005, 1.4548166E+002, 1.4966294E+002
 4.8321000E+005, 1.4550285E+002, 1.4966452E+002
 4.8384000E+005, 1.4552394E+002, 1.4966609E+002
 4.8447000E+005, 1.4554493E+002, 1.4966766E+002
 4.8510000E+005, 1.4556583E+002, 1.4966922E+002
 4.8573000E+005, 1.4558662E+002, 1.4967077E+002
 4.8636000E+005, 1.4560732E+002, 1.4967231E+002
 4.8699000E+005, 1.4562792E+002, 1.4967385E+002
 4.8762000E+005, 1.4564842E+002, 1.4967538E+002
 4.8825000E+005, 1.4566883E+002, 1.4967690E+002
 4.8888000E+005, 1.4568914E+002, 1.4967842E+002
 4.8951000E+005, 1.4570936E+002, 1.4967993E+002
 4.9014000E+005, 1.4572948E+002, 1.4968143E+002
 4.9077000E+005, 1.4574951E+002, 1.4968292E+002
 4.9140000E+005, 1.4576944E+002, 1.4968441E+002
 4.9203000E+005, 1.4578928E+002, 1.4968589E+002
 4.9266000E+005, 1.4580902E+002, 1.4968736E+002
 4.9329000E+005, 1.4582868E+002, 1.4968883E+002
 4.9392000E+005, 1.4584824E+002, 1.4969029E+002
 4.9455000E+005, 1.4586771E+002, 1.4969174E+002
 4.9518000E+005, 1.4588709E+002, 1.4969318E+002
 4.9581000E+005, 1.4590638E+002, 1.4969462E+002
 4.9644000E+005, 1.4592557E+002, 1.4969606E+002
 4.9707000E+005, 1.4594468E+002, 1.4969748E+002
 4.9770000E+005, 1.4596370E+002, 1.4969890E+002
 4.9833000E+005, 1.4598263E+002, 1.4970031E+002
 4.9896000E+005, 1.4600147E+002, 1.4970172E+002
 4.9959000E+005, 1.4602022E+002, 1.4970312E+002
 5.0022000E+005, 1.4603888E+002, 1.4970451E+002
 5.0085000E+005, 1.4605746E+002, 1.4970589E+002
 5.0148000E+005, 1.4607595E+002, 1.4970727E+002
 5.0211000E+005, 1.4609435E+002, 1.4970865E+002
 5.0274000E+005, 1.4611267E+002, 1.4971001E+002
 5.0337000E+005, 1.4613090E+002, 1.4971137E+002
 5.0400000E+005, 1.4614904E+002, 1.4971273E+002
 5.0463000E+005, 1.4616710E+002, 1.4971407E+002
 5.0526000E+005, 1.4618508E+002, 1.4971541E+002
 5.0589000E+005, 1.4620297E+002, 1.4971675E+002
 5.0652000E+005, 1.4622077E+002, 1.4971808E+002
 5.0715000E+005, 1.4623850E+002, 1.4971940E+002
 5.0778000E+005, 1.4625614E+002, 1.4972072E+002
 5.0841000E+005, 1.4627369E+002, 1.4972202E+002
 5.0904000E+005, 1.4629117E+002, 1.4972333E+002
 5.0967000E+005, 1.4630856E+002, 1.4972463E+002
 5.1030000E+005, 1.4632587E+002, 1.4972592E+002
 5.1093000E+005, 1.4634310E+002, 1.4972720E+002
 5.1156000E+005, 1.4636025E+002, 1.4972848E+002
 5.1219000E+005, 1.4637732E+002, 1.4972976E+002
 5.1282000E+005, 1.4639431E+002, 1.4973102E+002
 5.1345000E+005, 1.4641122E+002, 1.4973228E+002
 5.1408000E+005, 1.4642805E+002, 1.4973354E+002
 5.1471000E+005, 1.4644480E+002, 1.4973479E+002
 5.1534000E+005, 1.4646147E+002, 1.4973603E+002
 5.1597000E+005, 1.4647807E+002, 1.4973727E+002
 5.1660000E+005, 1.4649458E+002, 1.4973850E+002
 5.1723000E+005, 1.4651102E+002, 1.4973973E+002
 5.1786000E+005, 1.4652739E+002, 1.4974095E+002
 5.1849000E+005, 1.4654367E+002, 1.4974216E+002
 5.1912000E+005, 1.4655988E+002, 1.4974337E+002
 5.1975000E+005, 1.4657601E+002, 1.4974458E+002
 5.2038000E+005, 1.4659207E+002, 1.4974578E+002
 5.2101000E+005, 1.4660805E+002, 1.4974697E+002
 5.2164000E+005, 1.4662396E+002, 1.4974815E+002
 5.2227000E+005, 1.4663979E+002, 1.4974934E+002
 5.2290000E+005, 1.4665555E+002, 1.4975051E+002
 5.2353000E+005, 1.4667123E+002, 1.4975168E+002
 5.2416000E+005, 1.4668684E+002, 1.4975285E+002
 5.2479000E+005, 1.4670238E+002, 1.4975400E+002
 5.2542000E+005, 1.4671785E+002, 1.4975516E+002
 5.2605000E+005, 1.4673324E+002, 1.4975631E+002
 5.2668000E+005, 1.4674856E+002, 1.4975745E+002
 5.2731000E+005, 1.4676381E+002, 1.4975859E+002
 5.2794000E+005, 1.4677898E+002, 1.4975972E+002
 5.2857000E+005, 1.4679409E+002, 1.4976085E+002
 5.2920000E+005, 1.4680912E+002, 1.4976197E+002
 5.2983000E+005, 1.4682409E+002, 1.4976308E+002
 5.3046000E+005, 1.4683898E+002, 1.4976419E+002
 5.3109000E+005, 1.4685380E+002, 1.4976530E+002
 5.3172000E+005, 1.4686856E+002, 1.4976640E+002
 5.3235000E+005, 1.4688324E+002, 1.4976750E+002
 5.3298000E+005, 1.4689786E+002, 1.4976859E+002
 5.3361000E+005, 1.4691241E+002, 1.4976967E+002
 5.3424000E+005, 1.4692689E+002, 1.4977075E+002
 5.3487000E+005, 1.4694130E+002, 1.4977183E+002
 5.3550000E+005, 1.4695564E+002, 1.4977290E+002
 5.3613000E+005, 1.4696992E+002, 1.4977396E+002
 5.3676000E+005, 1.4698413E+002, 1.4977502E+002
 5.3739000E+005, 1.4699827E+002, 1.4977608E+002
 5.3802000E+005, 1.4701235E+002, 1.4977713E+002
 5.3865000E+005, 1.4702636E+002, 1.4977817E+002
 5.3928000E+005, 1.4704031E+002, 1.4977921E+002
 5.3991000E+005, 1.4705419E+002, 1.4978025E+002
 5.4054000E+005, 1.4706800E+002, 1.4978128E+002
 5.4117000E+005, 1.4708175E+002, 1.4978230E+002
 5.4180000E+005, 1.4709544E+002, 1.4978333E+002
 5.4243000E+005, 1.4710906E+002, 1.4978434E+002
 5.4306000E+005, 1.4712261E+002, 1.4978535E+002
 5.4369000E+005, 1.4713611E+002, 1.4978636E+002
 5.4432000E+005, 1.4714954E+002, 1.4978736E+002
 5.4495000E+005, 1.4716291E+002, 1.4978836E+002
 5.4558000E+005, 1.4717621E+002, 1.4978935E+002
 5.4621000E+005, 1.4718945E+002, 1.4979034E+002
 5.4684000E+005, 1.4720263E+002, 1.4979132E+002
 5.4747000E+005, 1.4721575E+002, 1.4979230E+002
 5.4810000E+005, 1.4722881E+002, 1.4979327E+002
 5.4873000E+005, 1.4724181E+002, 1.4979424E+002
 5.4936000E+005, 1.4725474E+002, 1.4979521E+002
 5.4999000E+005, 1.4726761E+002, 1.4979617E+002
 5.5062000E+005, 1.4728043E+002, 1.4979713E+002
 5.5125000E+005, 1.4729318E+002, 1.4979808E+002
 5.5188000E+005, 1.4730588E+002, 1.4979902E+002
 5.5251000E+005, 1.4731851E+002, 1.4979997E+002
 5.5314000E+005, 1.4733109E+002, 1.4980090E+002
 5.5377000E+005, 1.4734360E+002, 1.4980184E+002
 5.5440000E+005, 1.4735606E+002, 1.4980277E+002
 5.5503000E+005, 1.4736846E+002, 1.4980369E+002
 5.5566000E+005, 1.4738080E+002, 1.4980461E+002
 5.5629000E+005, 1.4739308E+002, 1.4980553E+002
 5.5692000E+005, 1.4740531E+002, 1.4980644E+002
 5.5755000E+005, 1.4741748E+002, 1.4980735E+002
 5.5818000E+005, 1.4742959E+002, 1.4980825E+002
 5.5881000E+005, 1.4744164E+002, 1.4980915E+002
 5.5944000E+005, 1.4745364E+002, 1.4981005E+002
 5.6007000E+005, 1.4746558E+002, 1.4981094E+002
 5.6070000E+005, 1.4747747E+002, 1.4981182E+002
 5.6133000E+005, 1.4748930E+002, 1.4981271E+002
 5.6196000E+005, 1.4750107E+002, 1.4981358E+002
 5.6259000E+005, 1.4751279E+002, 1.4981446E+002
 5.6322000E+005, 1.4752445E+002, 1.4981533E+002
 5.6385000E+005, 1.4753606E+002, 1.4981620E+002
 5.6448000E+005, 1.4754762E+002, 1.4981706E+002
 5.6511000E+005, 1.4755912E+002, 1.4981791E+002
 5.6574000E+005, 1.4757056E+002, 1.4981877E+002
 5.6637000E+005, 1.4758196E+002, 1.4981962E+002
 5.6700000E+005, 1.4759330E+002, 1.4982046E+002
 5.6763000E+005, 1.4760458E+002, 1.4982131E+002
 5.6826000E+005, 1.4761582E+002, 1.4982214E+002
 5.6889000E+005, 1.4762700E+002, 1.4982298E+002
 5.6952000E+005, 1.4763813E+002, 1.4982381E+002
 5.7015000E+005, 1.4764920E+002, 1.4982464E+002
 5.7078000E+005, 1.4766023E+002, 1.4982546E+002
 5.7141000E+005, 1.4767120E+002, 1.4982628E+002
 5.7204000E+005, 1.4768212E+002, 1.4982709E+002
 5.7267000E+005, 1.4769299E+002, 1.4982790E+002
 5.7330000E+005, 1.4770381E+002, 1.4982871E+002
 5.7393000E+005, 1.4771458E+002, 1.4982951E+002
 5.7456000E+005, 1.4772530E+002, 1.4983031E+002
 5.7519000E+005, 1.4773596E+002, 1.4983111E+002
 5.7582000E+005, 1.4774658E+002, 1.4983190E+002
 5.7645000E+005, 1.4775715E+002, 1.4983269E+002
 5.7708000E+005, 1.4776767E+002, 1.4983347E+002
 5.7771000E+005, 1.4777814E+002, 1.4983425E+002
 5.7834000E+005, 1.4778856E+002, 1.4983503E+002
 5.7897000E+005, 1.4779893E+002, 1.4983580E+002
 5.7960000E+005, 1.4780925E+002, 1.4983657E+002
 5.8023000E+005, 1.4781952E+002, 1.4983734E+002
 5.8086000E+005, 1.4782975E+002, 1.4983810E+002
 5.8149000E+005, 1.4783993E+002, 1.4983886E+002
 5.8212000E+005, 1.4785006E+002, 1.4983962E+002
 5.8275000E+005, 1.4786014E+002, 1.4984037E+002
 5.8338000E+005, 1.4787017E+002, 1.4984112E+002
 5.8401000E+005, 1.4788016E+002, 1.4984186E+002
 5.8464000E+005, 1.4789010E+002, 1.4984261E+002
 5.8527000E+005, 1.4790000E+002, 1.4984334E+002
 5.8590000E+005, 1.4790984E+002, 1.4984408E+002
 5.8653000E+005, 1.4791965E+002, 1.4984481E+002
 5.8716000E+005, 1.4792940E+002, 1.4984554E+002
 5.8779000E+005, 1.4793911E+002, 1.4984626E+002
 5.8842000E+005, 1.4794878E+002, 1.4984698E+002
 5.8905000E+005, 1.4795840E+002, 1.4984770E+002
 5.8968000E+005, 1.4796797E+002, 1.4984841E+002
 5.9031000E+005, 1.4797750E+002, 1.4984913E+002
 5.9094000E+005, 1.4798699E+002, 1.4984983E+002
 5.9157000E+005, 1.4799643E+002, 1.4985054E+002
 5.9220000E+005, 1.4800582E+002, 1.4985124E+002
 5.9283000E+005, 1.4801517E+002, 1.4985194E+002
 5.9346000E+005, 1.4802448E+002, 1.4985263E+002
 5.9409000E+005, 1.4803375E+002, 1.4985332E+002
 5.9472000E+005, 1.4804297E+002, 1.4985401E+002
 5.9535000E+005, 1.4805215E+002, 1.4985469E+002
 5.9598000E+005, 1.4806128E+002, 1.4985538E+002
 5.9661000E+005, 1.4807037E+002, 1.4985605E+002
 5.9724000E+005, 1.4807942E+002, 1.4985673E+002
 5.9787000E+005, 1.4808843E+002, 1.4985740E+002
 5.9850000E+005, 1.4809739E+002, 1.4985807E+002
 5.9913000E+005, 1.4810631E+002, 1.4985873E+002
 5.9976000E+005, 1.4811520E+002, 1.4985940E+002
 6.0039000E+005, 1.4812403E+002, 1.4986006E+002
 6.0102000E+005, 1.4813283E+002, 1.4986071E+002
 6.0165000E+005, 1.4814159E+002, 1.4986137E+002
 6.0228000E+005, 1.4815030E+002, 1.4986202E+002
 6.0291000E+005, 1.4815898E+002, 1.4986266E+002
 6.0354000E+005, 1.4816761E+002, 1.4986331E+002
 6.0417000E+005, 1.4817620E+002, 1.4986395E+002
 6.0480000E+005, 1.4818476E+002, 1.4986459E+002
 6.0543000E+005, 1.4819327E+002, 1.4986522E+002
 6.0606000E+005, 1.4820174E+002, 1.4986585E+002
 6.0669000E+005, 1.4821018E+002, 1.4986648E+002
 6.0732000E+005, 1.4821857E+002, 1.4986711E+002
 6.0795000E+005, 1.4822692E+002, 1.4986773E+002
 6.0858000E+005, 1.4823524E+002, 1.4986835E+002
 6.0921000E+005, 1.4824352E+002, 1.4986897E+002
 6.0984000E+005, 1.4825175E+002, 1.4986958E+002
 6.1047000E+005, 1.4825995E+002, 1.4987020E+002
 6.1110000E+005, 1.4826811E+002, 1.4987080E+002
 6.1173000E+005, 1.4827623E+002, 1.4987141E+002
 6.1236000E+005, 1.4828432E+002, 1.4987201E+002
 6.1299000E+005, 1.4829236E+002, 1.4987261E+002
 6.1362000E+005, 1.4830037E+002, 1.4987321E+002
 6.1425000E+005, 1.4830834E+002, 1.4987381E+002
 6.1488000E+005, 1.4831627E+002, 1.4987440E+002
 6.1551000E+005, 1.4832417E+002, 1.4987499E+002
 6.1614000E+005, 1.4833203E+002, 1.4987557E+002
 6.1677000E+005, 1.4833985E+002, 1.4987616E+002
 6.1740000E+005, 1.4834764E+002, 1.4987674E+002
 6.1803000E+005, 1.4835539E+002, 1.4987732E+002
 6.1866000E+005, 1.4836310E+002, 1.4987789E+002
 6.1929000E+005, 1.4837078E+002, 1.4987846E+002
 6.1992000E+005, 1.4837842E+002, 1.4987903E+002
 6.2055000E+005, 1.4838602E+002, 1.4987960E+002
 6.2118000E+005, 1.4839359E+002, 1.4988016E+002
 6.2181000E+005, 1.4840112E+002, 1.4988073E+002
 6.2244000E+005, 1.4840862E+002, 1.4988129E+002
 6.2307000E+005, 1.4841608E+002, 1.4988184E+002
 6.2370000E+005, 1.4842351E+002, 1.4988240E+002
 6.2433000E+005, 1.4843090E+002, 1.4988295E+002
 6.2496000E+005, 1.4843826E+002, 1.4988350E+002
 6.2559000E+005, 1.4844559E+002, 1.4988404E+002
 6.2622000E+005, 1.4845288E+002, 1.4988459E+002
 6.2685000E+005, 1.4846013E+002, 1.4988513E+002
 6.2748000E+005, 1.4846735E+002, 1.4988567E+002
 6.2811000E+005, 1.4847454E+002, 1.4988620E+002
 6.2874000E+005, 1.4848169E+002, 1.4988674E+002
 6.2937000E+005, 1.4848882E+002, 1.4988727E+002
 6.3000000E+005, 1.4849590E+002, 1.4988780E+002
